Price,Close,High,Low,Open,Volume,EMA_F,EMA_S,RSI,LongCond,Pos,Ret,StratRet
Ticker,Audcad=X,Audcad=X,Audcad=X,Audcad=X,Audcad=X,,,,,,,
Date,,,,,,,,,,,,
2025-05-02,0.8842399716377258,0.8913999795913696,0.8839280009269714,0.8842399716377258,0,0.8842399716377258,0.8842399716377258,50.0,False,0,0.0,0.0
2025-05-05,0.8908799886703491,0.8963760137557983,0.889460027217865,0.8908799886703491,0,0.8850211501121521,0.8844576771142053,50.0,True,0,0.007509293003713724,0.0
2025-05-06,0.8929799795150757,0.894070029258728,0.8904200196266174,0.8929799795150757,0,0.8859574829830843,0.8847370968650535,50.0,True,1,0.0023572095809007987,0.0023572095809007987
2025-05-07,0.8958500027656555,0.8966270089149475,0.889680027961731,0.8958500027656555,0,0.8871213088398573,0.8851014544355651,50.0,True,1,0.0032139838702076595,0.0032139838702076595
2025-05-08,0.8896399736404419,0.8931379914283752,0.8886510133743286,0.8896399736404419,0,0.8874176223458085,0.8852502583439217,92.70394829809825,False,1,-0.006931996546343799,-0.006931996546343799
2025-05-09,0.8900799751281738,0.8952410221099854,0.8883000016212463,0.8900799751281738,0,0.8877308403202043,0.8854086097138971,92.744341652385,False,0,0.0004945837650836005,0.0
2025-05-12,0.8941019773483276,0.8984799981117249,0.8911839723587036,0.8941019773483276,0,0.8884803858529248,0.8856936381609275,93.11933640076244,False,0,0.004518697569366958,0.0
2025-05-13,0.8903589844703674,0.903531014919281,0.8896700143814087,0.8903589844703674,0,0.8887013974549769,0.8858466003350075,88.53351189142565,False,0,-0.0041863154011367865,-0.0
2025-05-14,0.9017869830131531,0.9042029976844788,0.8997799754142761,0.9017869830131531,0,0.89024087810888,0.8863692358326516,90.13147156280374,False,0,0.012835270651627706,0.0
2025-05-15,0.8983229994773865,0.9010099768638611,0.8947209715843201,0.8983229994773865,0,0.8911917159169396,0.8867611625095282,86.2097038306462,False,0,-0.0038412436650974158,-0.0
2025-05-16,0.893779993057251,0.8970010280609131,0.8920999765396118,0.893779993057251,0,0.8914962191099174,0.8869912881012567,81.21842117349114,False,0,-0.005057208178771422,-0.0
2025-05-19,0.8941299915313721,0.9006999731063843,0.8938999772071838,0.8941299915313721,0,0.891806074688912,0.8872253439514244,81.3082083730757,False,0,0.0003915935429745776,0.0
2025-05-20,0.9009400010108948,0.9009400010108948,0.8906239867210388,0.9009400010108948,0,0.8928806542562041,0.8876750048386202,83.01012671095927,False,0,0.007616352816729899,0.0
2025-05-21,0.8935800194740295,0.896714985370636,0.8929409980773926,0.8935800194740295,0,0.8929629325171247,0.8878686118758466,75.05609291626698,False,0,-0.008169224952390808,-0.0
2025-05-22,0.891510009765625,0.8944399952888489,0.8888000249862671,0.891510009765625,0,0.892792000428713,0.8879880019705934,72.93920567528642,False,0,-0.0023165353558631807,-0.0
2025-05-23,0.8882399797439575,0.8930590152740479,0.8880620002746582,0.8882399797439575,0,0.8922564685834475,0.8879962635369332,69.59969270073702,True,0,-0.0036679678139869276,-0.0
2025-05-26,0.8929790258407593,0.8950070142745972,0.8915799856185913,0.8929790258407593,0,0.8923414753196018,0.8881596327927963,71.62713792289009,False,1,0.005335321765372214,0.005335321765372214
2025-05-27,0.8901640176773071,0.8913170099258423,0.8858199715614319,0.8901640176773071,0,0.892085303832273,0.8882253503299934,68.69638990923758,True,0,-0.00315237881517072,-0.0
2025-05-28,0.89028000831604,0.8909800052642822,0.8860999941825867,0.89028000831604,0,0.8918729161244808,0.8882927161656015,68.75312287218547,True,1,0.00013030254697965482,0.00013030254697965482
2025-05-29,0.8898199796676636,0.8911129832267761,0.8877900242805481,0.8898199796676636,0,0.8916313941883847,0.8883427903787837,68.22500454958042,True,1,-0.0005167235522300917,-0.0005167235522300917
2025-05-30,0.8898299932479858,0.8905919790267944,0.8833299875259399,0.8898299932479858,0,0.8914194646659848,0.8883915511285936,68.23072506683508,True,1,1.1253490089124796e-05,1.1253490089124796e-05
2025-06-02,0.8843330144882202,0.8903440237045288,0.8842300176620483,0.8843330144882202,0,0.8905857646450712,0.8882584843534993,61.66738793779652,True,1,-0.006177560659313075,-0.006177560659313075
2025-06-03,0.8908900022506714,0.8910300135612488,0.8854230046272278,0.8908900022506714,0,0.8906215573045535,0.8883447636288164,65.88317210483314,True,1,0.007414613788048863,0.007414613788048863
2025-06-04,0.886847972869873,0.8896399736404419,0.8854420185089111,0.886847972869873,0,0.890177606194591,0.8882956885219658,61.40026272205722,True,1,-0.004537068965401847,-0.004537068965401847
2025-06-05,0.8878539800643921,0.8917790055274963,0.8871999979019165,0.8878539800643921,0,0.8899042384145676,0.8882812062774552,62.09162695614311,True,1,0.0011343626250432948,0.0011343626250432948
2025-06-06,0.8896999955177307,0.8902999758720398,0.8871999979019165,0.8896999955177307,0,0.889880209838469,0.8883277239574642,63.38752425885422,True,1,0.0020791881264132783,0.0020791881264132783
2025-06-09,0.8898770213127136,0.893280029296875,0.8889999985694885,0.8898770213127136,0,0.8898798347177919,0.8883785205920625,63.51632546131736,True,1,0.00019897245799116448,0.00019897245799116448
2025-06-10,0.892799973487854,0.8946980237960815,0.8908550143241882,0.892799973487854,0,0.8902233804554462,0.8885234862607769,65.66419497746428,True,1,0.0032846697972137573,0.0032846697972137573
2025-06-11,0.891700029373169,0.8936100006103516,0.8888999819755554,0.891700029373169,0,0.8903971038575312,0.8886276352152815,64.13405343937355,True,1,-0.0012320162940731016,-0.0012320162940731016
2025-06-12,0.8894799947738647,0.8898630142211914,0.8853999972343445,0.8894799947738647,0,0.8902892086712174,0.8886555814303171,61.04228087186216,True,1,-0.0024896652755128645,-0.0024896652755128645
2025-06-13,0.887499988079071,0.8873329758644104,0.8808500170707703,0.887499988079071,0,0.8899610650721413,0.8886176931237187,58.340913355848635,True,1,-0.0022260272366182443,-0.0022260272366182443
2025-06-16,0.881600022315979,0.8872699737548828,0.8797900080680847,0.881600022315979,0,0.888977412983181,0.8883876055562518,51.08614473417561,True,1,-0.006647848836440096,-0.006647848836440096
2025-06-17,0.8834400177001953,0.8881819844245911,0.8831790089607239,0.8834400177001953,0,0.8883259547145944,0.8882253895609713,53.04708700667501,True,1,0.0020871090490477417,0.0020871090490477417
2025-06-18,0.8866109848022461,0.8924099802970886,0.8855999708175659,0.8866109848022461,0,0.8881241935484357,0.8881724582574065,56.298617122020296,False,1,0.00358934057606497,0.00358934057606497
2025-06-19,0.8906000256538391,0.8913589715957642,0.8853999972343445,0.8906000256538391,0,0.8884154679137773,0.88825205063106,60.04693782322882,True,0,0.004499200799415792,0.0
2025-06-20,0.8882200121879578,0.8905199766159058,0.8865699768066406,0.8882200121879578,0,0.8883924731225044,0.8882510001903026,56.91054863833512,True,1,-0.00267237075828064,-0.00267237075828064
2025-06-23,0.8856449723243713,0.885699987411499,0.8789799809455872,0.8856449723243713,0,0.8880692377344886,0.8881655566537145,53.64569877150827,False,1,-0.0028991013805726995,-0.0028991013805726995
2025-06-24,0.8893120288848877,0.8933899998664856,0.8886799812316895,0.8893120288848877,0,0.8882154484580649,0.8882031459071956,57.39419876973028,True,0,0.004140549176147035,0.0
2025-06-25,0.8913499712944031,0.8930929899215698,0.8907999992370605,0.8913499712944031,0,0.8885842158505752,0.8883063205100548,59.361038876028644,True,1,0.0022915943373338354,0.0022915943373338354
2025-06-26,0.8943099975585938,0.8962200284004211,0.8924300074577332,0.8943099975585938,0,0.8892578372279891,0.8885031623804986,62.09789513304255,True,1,0.0033208350922950824,0.0033208350922950824
2025-06-27,0.8930299878120422,0.894540011882782,0.8906000256538391,0.8930299878120422,0,0.8897016196496423,0.8886515828864509,60.2095677297052,True,1,-0.0014312819380817299,-0.0014312819380817299
2025-06-30,0.8932999968528748,0.8951830267906189,0.8921300172805786,0.8932999968528748,0,0.8901249581441403,0.8888039899017434,60.482552871626254,True,1,0.00030235159459102157,0.00030235159459102157
2025-07-01,0.8947070240974426,0.8976200222969055,0.8924999833106995,0.8947070240974426,0,0.8906640247268817,0.8889975320065203,61.94759900789922,True,1,0.0015750892751873469,0.0015750892751873469
2025-07-02,0.8974180221557617,0.8983269929885864,0.8928999900817871,0.8974180221557617,0,0.8914586126596911,0.8892736136507576,64.66572735247198,True,1,0.0030300399854956694,0.0030300399854956694
2025-07-03,0.8943300247192383,0.8944849967956543,0.8899999856948853,0.8943300247192383,0,0.8917964258431672,0.889439397620216,59.455989022224365,True,1,-0.003440979967290536,-0.003440979967290536
2025-07-04,0.8927710056304932,0.8930439949035645,0.8898640275001526,0.8927710056304932,0,0.891911082288735,0.8895486306697332,56.96094554055523,True,1,-0.0017432257060077117,-0.0017432257060077117
2025-07-07,0.8911700248718262,0.8910470008850098,0.8862000107765198,0.8911700248718262,0,0.8918238990632162,0.8896017911353756,54.434688061157274,True,1,-0.0017932714532281624,-0.0017932714532281624
2025-07-08,0.8884999752044678,0.8934999704360962,0.8884530067443848,0.8884999752044678,0,0.8914328491974811,0.8895656660228868,50.418549563005676,True,1,-0.0029961170066760134,-0.0029961170066760134
2025-07-09,0.8917099833488464,0.8957499861717224,0.8910030126571655,0.8917099833488464,0,0.8914654532152887,0.8896359715089838,54.74172097899061,True,1,0.003612839880653862,0.003612839880653862
2025-07-10,0.8944550156593323,0.8991649746894836,0.89410001039505,0.8944550156593323,0,0.8918171664439997,0.8897939729565361,58.10577814028681,True,1,0.0030783913623764203,0.0030783913623764203
2025-07-11,0.8999999761581421,0.9021750092506409,0.8984500169754028,0.8999999761581421,0,0.8927798499397811,0.8901285960123263,63.937038106784165,True,1,0.006199261451647731,0.006199261451647731
2025-07-14,0.8999599814414978,0.9011549949645996,0.8967009782791138,0.8999599814414978,0,0.8936245712929243,0.8904509365182007,63.86798545776756,True,1,-4.4438575226402044e-05,-4.4438575226402044e-05
2025-07-15,0.8968200087547302,0.8992949724197388,0.8934900164604187,0.8968200087547302,0,0.8940005051119603,0.8906597585587427,58.52394933273185,True,1,-0.0034890136800729277,-0.0034890136800729277
2025-07-16,0.8941220045089722,0.8963840007781982,0.8927000164985657,0.8941220045089722,0,0.8940147991586676,0.8907732748194059,54.318293525813004,True,1,-0.003008412189090537,-0.003008412189090537
2025-07-17,0.8929700255393982,0.8932300209999084,0.8873999714851379,0.8929700255393982,0,0.8938918846152241,0.8908452994331761,52.580836012203676,True,1,-0.0012883912528319774,-0.0012883912528319774
2025-07-18,0.8924999833106995,0.8960530161857605,0.8921999931335449,0.8924999833106995,0,0.8937281315205741,0.8908995513635867,51.852031816494765,True,1,-0.0005263807465595294,-0.0005263807465595294
2025-07-21,0.8936600089073181,0.8943780064582825,0.8924000263214111,0.8936600089073181,0,0.893720117095485,0.8909900581682991,53.56269976718658,True,1,0.001299748591944594,0.001299748591944594
2025-07-22,0.8926600217819214,0.8936880230903625,0.8902000188827515,0.8926600217819214,0,0.8935953999997717,0.8910448110736637,51.852415631471985,True,1,-0.001118979383019969,-0.001118979383019969
2025-07-23,0.8916130065917969,0.8977199792861938,0.8906000256538391,0.8916130065917969,0,0.8933621772458923,0.8910634404349139,50.0504077525796,True,1,-0.0011729159641701292,-0.0011729159641701292
2025-07-24,0.8978300094604492,0.9009699821472168,0.8973000049591064,0.8978300094604492,0,0.8938878045652519,0.8912852951570626,59.1323737839112,True,1,0.006972759283107477,0.006972759283107477
2025-07-25,0.899370014667511,0.8997899889945984,0.8967000246047974,0.899370014667511,0,0.8945327704596353,0.891550367927897,61.022902283288865,True,1,0.001715252543170509,0.001715252543170509
2025-07-28,0.9002400040626526,0.9013869762420654,0.8934000134468079,0.9002400040626526,0,0.8952042097070491,0.8918352740306758,62.08983239772123,True,1,0.0009673320001259977,0.0009673320001259977
2025-07-29,0.8955699801445007,0.8971539735794067,0.8938800096511841,0.8955699801445007,0,0.8952472415232199,0.8919577234114568,53.60705190381832,True,1,-0.005187532099303227,-0.005187532099303227
2025-07-30,0.8970320224761963,0.8983179926872253,0.8906000256538391,0.8970320224761963,0,0.8954572157529818,0.8921240938725958,55.64990807841972,True,1,0.0016325271772281713,0.0016325271772281713
2025-07-31,0.8911899924278259,0.8944500088691711,0.8895999789237976,0.8911899924278259,0,0.894955189479434,0.8920934675957181,46.7848843357264,True,1,-0.0065126215140500765,-0.0065126215140500765
2025-08-01,0.890841007232666,0.8950700163841248,0.8899999856948853,0.890841007232666,0,0.8944711680386378,0.8920524033215196,46.310291836549155,True,1,-0.0003915946073509424,-0.0003915946073509424
2025-08-04,0.891219973564148,0.893526017665863,0.8905720114707947,0.891219973564148,0,0.8940886745710508,0.8920251105425894,46.93974432637028,True,1,0.0004254028815524613,0.0004254028815524613
2025-08-05,0.8914620280265808,0.8927900195121765,0.8896999955177307,0.8914620280265808,0,0.8937796573305249,0.8920066488207531,47.36421740015397,True,1,0.0002715990099109167,0.0002715990099109167
2025-08-06,0.891260027885437,0.8949440121650696,0.8912000060081482,0.891260027885437,0,0.8934832303369851,0.8919821694458246,47.02611892781425,True,1,-0.00022659421802961877,-0.00022659421802961877
2025-08-07,0.892989993095398,0.8975189924240112,0.8927990198135376,0.892989993095398,0,0.89342520242621,0.8920152128441713,50.29827976836412,True,1,0.0019410330945339727,0.0019410330945339727
2025-08-08,0.8961039781570435,0.8978700041770935,0.8946999907493591,0.8961039781570435,0,0.8937403525121904,0.8921492707232819,55.61313196510869,True,1,0.0034871444089215053,0.0034871444089215053
2025-08-11,0.8962900042533875,0.8979200124740601,0.8959000110626221,0.8962900042533875,0,0.8940403115405665,0.8922850324783673,55.916408473882775,True,1,0.00020759432038963688,0.00020759432038963688
2025-08-12,0.8972100019454956,0.8995699882507324,0.8945000171661377,0.8972100019454956,0,0.8944132162940877,0.8924465068871257,57.46428239257925,True,1,0.001026450911805643,0.001026450911805643
2025-08-13,0.8990650177001953,0.9024800062179565,0.8978790044784546,0.8990650177001953,0,0.8949604870477473,0.8926635072416524,60.47761650971853,True,1,0.0020675379796004645,0.0020675379796004645
2025-08-14,0.9010059833526611,0.9026899933815002,0.8953499794006348,0.9010059833526611,0,0.8956717219071489,0.8929370310485708,63.3993291617163,True,1,0.0021588712876747795,0.0021588712876747795
2025-08-15,0.8974400162696838,0.9002799987792969,0.8961399793624878,0.8974400162696838,0,0.8958797565380354,0.8930846699082794,55.30951757439765,True,1,-0.00395776182274421,-0.00395776182274421
2025-08-18,0.8992000222206116,0.9003700017929077,0.8963299989700317,0.8992000222206116,0,0.8962703760301032,0.893285173262782,58.14803207939573,True,1,0.001961140487409363,0.001961140487409363
2025-08-19,0.8963599801063538,0.8974130153656006,0.894599974155426,0.8963599801063538,0,0.8962809176861326,0.8933859866019154,52.367914401290136,True,1,-0.0031584097465258143,-0.0031584097465258143
2025-08-20,0.8948900103569031,0.8949800133705139,0.8903999924659729,0.8948900103569031,0,0.8961172815297527,0.8934352988561772,49.61865962643352,True,1,-0.0016399323732372295,-0.0016399323732372295
2025-08-21,0.8927900195121765,0.8933600187301636,0.890470027923584,0.8927900195121765,0,0.8957258389394496,0.8934141421563738,45.91052371134615,True,1,-0.00234664687327224,-0.00234664687327224
2025-08-22,0.8930799961090088,0.8990240097045898,0.8924999833106995,0.8930799961090088,0,0.8954145633123388,0.8934031865482636,46.5050264012398,True,1,0.00032479820617914434,0.00032479820617914434
2025-08-25,0.8966900110244751,0.8992400169372559,0.8956000208854675,0.8966900110244751,0,0.8955646159843548,0.8935109512851885,53.37549022235566,True,1,0.004042207787873897,0.004042207787873897
2025-08-26,0.8981879949569702,0.8990899920463562,0.8964999914169312,0.8981879949569702,0,0.8958732488046625,0.8936642969793454,55.90615098983305,True,1,0.0016705705584738606,0.0016705705584738606
2025-08-27,0.8984500169754028,0.8993980288505554,0.8951969742774963,0.8984500169754028,0,0.8961763980012201,0.8938212058316751,56.35241838260444,True,1,0.000291722913136061,0.000291722913136061
2025-08-28,0.8973100185394287,0.8989400267601013,0.8964999914169312,0.8973100185394287,0,0.8963097651233622,0.8939355931335686,53.80112920398245,True,1,-0.0012688501468471891,-0.0012688501468471891
2025-08-29,0.8981299996376038,0.8994699716567993,0.8968999981880188,0.8981299996376038,0,0.8965239103603319,0.8940731146582911,55.366413343475706,True,1,0.0009138214008908019,0.0009138214008908019
2025-09-01,0.8989199995994568,0.9018800258636475,0.8980000019073486,0.8989199995994568,0,0.8968058032119935,0.8942320289186572,56.8821603849976,True,1,0.0008796053602171394,0.0008796053602171394
2025-09-02,0.9013299942016602,0.9015340209007263,0.8954399824142456,0.9013299942016602,0,0.8973380609754837,0.8944647490918703,61.20988566770275,True,1,0.0026809889681809196,0.0026809889681809196
2025-09-03,0.8984400033950806,0.9030600190162659,0.8978440165519714,0.8984400033950806,0,0.8974677012601422,0.8945950852985329,54.186323196050864,True,1,-0.0032063626254215105,-0.0032063626254215105
2025-09-04,0.9001100063323975,0.9034600257873535,0.8983299732208252,0.901889979839325,0,0.8977785606804074,0.8947759023816104,57.23971102443424,True,1,0.0018587806987735433,0.0018587806987735433
